Раздел,,Продукт ,Ссылка
МСБ,,Расчетно-кассовое обслуживание,https://www.gazprombank.ru/business/account-open/
,,Счет для нотариусов,https://www.gazprombank.ru/business/account-for-notaries/
,,Документы для открытия счета,https://www.gazprombank.ru/business/account-open/#doc-open
,,Эквайринг,https://www.gazprombank.ru/business/acquiring-sbp/
,,Онлайн-инкассация с Moniron,https://www.gazprombank.ru/business/adm/
,,Онлайн-касса 3 в 1,https://www.gazprombank.ru/business/onlinebox/
,,"
Депозиты для бизнеса с доходностью до 16,4%",https://www.gazprombank.ru/business/deposit/
,,"
Банковское сопровождение",https://www.gazprombank.ru/business/bsk/
,,Бизнес-карты,https://www.gazprombank.ru/business/business-cards/
,,Электронная банковская гарантия,https://www.gazprombank.ru/business/ebg/
,,Гарантии и аккредитивы,https://www.gazprombank.ru/business/guarantee-credits/
,,Кредиты для бизнеса,https://www.gazprombank.ru/business/all-credits/
,,Торговый эквайринг,https://www.gazprombank.ru/business/trade-acquiring/
,,Оплата частями на терминале,https://www.gazprombank.ru/business/split/
,,Касса 3 в 1,https://www.gazprombank.ru/business/trade-acquiring/lifepay/
,,Надежное управление ВЭД,https://www.gazprombank.ru/business/ved/
,,Онлайн-банк «ГПБ Бизнес-Онлайн»,https://www.gazprombank.ru/business/gpb-bol/
,,Мобильное приложение для бизнеса,https://www.gazprombank.ru/business/mobile-apps/
,,Сертификат электронной подписи,https://www.gazprombank.ru/business/certificates-ap/
,,Онлайн-оплата таможенных платежей,https://www.gazprombank.ru/business/customs-online/
,,Зарплатный проект в Газпромбанке,https://www.gazprombank.ru/business/salary-project/
,,"
Партнерская программа",https://www.gazprombank.ru/business/partner-program/
КИБ,,,https://www.gazprombank.ru/corporate/salary-project/
,,Расчетно-кассовое обслуживание,https://www.gazprombank.ru/corporate/page/rko/
,,Банковское сопровождение,https://www.gazprombank.ru/corporate/page/banking-support/
,,Система Клиент-Банк,https://www.gazprombank.ru/corporate/page/clientbank/
,,Валютный контроль,https://www.gazprombank.ru/corporate/page/currency-control/
,,Информационно-торговая система «ГПБ-Дилинг»,https://www.gazprombank.ru/corporate/page/dilling/
,,Бизнес-карты,https://www.gazprombank.ru/corporate/page/business-cards/
,,Эквайринг,https://www.gazprombank.ru/corporate/page/acquiring/
,,Система быстрых платежей,https://www.gazprombank.ru/corporate/page/sbp/
,,Счет типа «Д»,https://www.gazprombank.ru/corporate/page/accounts/#accountd
,,Комплексное управление денежными потоками,https://www.gazprombank.ru/corporate/page/cash-management/
,,Брокерское обслуживание для юридических лиц,https://www.gazprombank.ru/corporate/page/brokerage-service/
,,Инвестиции,https://www.gazprombank.ru/corporate/page/brokerage-service/investments/
,,Депозитарий,https://www.gazprombank.ru/corporate/salary-project/
,,Кредитование предприятий,https://www.gazprombank.ru/corporate/page/lending/loans/
,,Проектное финансирование,https://www.gazprombank.ru/corporate/page/investment-bank/projectfin/
,,Операции на рынке капитала,https://www.gazprombank.ru/corporate/page/capital/
,,Синдицированное финансирование,https://www.gazprombank.ru/corporate/page/syndicated-financing/
,,Документарные операции и торговое финансирование,https://www.gazprombank.ru/corporate/page/documentary-operations-and-trade-finance/
,,Инвестиционный банк,https://www.gazprombank.ru/corporate/page/investment_bank/
,,Голосование и замещающие облигации,https://www.gazprombank.ru/corporate/page/info-eoblig/
,,Доверительное управление,https://www.gazprombank.ru/corporate/page/trust-management/
,,Операции на рынке драгоценных металлов,https://www.gazprombank.ru/corporate/page/metal/
,,Операции на валютном рынке,https://www.gazprombank.ru/corporate/page/v-operation/
,,Размещение денежных средств,https://www.gazprombank.ru/corporate/page/allocation-of-funds/
,,Внеофисное хранение архивных документов,https://www.gazprombank.ru/corporate/documents-storage/
,,Газпромбанк Мобайл для бизнеса,https://gpbmobile.ru/business
,,Оператор электронных денежных средств,https://www.gazprombank.ru/personal/page/e-money-op/
,,Сервисы Группы ЭТП ГПБ,https://www.gazprombank.ru/corporate/page/etpgpb/
,,ГПБ Бизнес-Онлайн,https://www.gazprombank.ru/corporate/page/gpb-bol/
,,Информационно-торговая система «ГПБ-Дилинг»,https://www.gazprombank.ru/corporate/page/dilling/
,,Усиленная квалифицированная электронная подпись,https://www.gazprombank.ru/corporate/page/certificates-ap/
,,Host-to-host,https://www.gazprombank.ru/corporate/page/h2h/
,,Транзит 2.0,https://www.gazprombank.ru/corporate/page/transit2-0/
,Инвесторам,Публичные заимствования,https://www.gazprombank.ru/investors/
